,name,start_site,rev,geneseq
0,livM,3597755,rev,ACAAAATTAAAACATTAGAGAATGAAAAATGTCCAGCATAATCCCCTGAATGATAGTGAATTATTCCGCCCTTTGTGCCGTTATTTTATGCTGACAAAGGCACTTTTTTCTGTTTATCTATCAATAAATTCAGAATATTATCTGTTCTTAATCGACTGAA
1,ygbI,2861256,rev,AAGATAACGGTATGGTGATCTGATTCACATAAATTAACATTGTGTGTTATTTTATGTGAACTAAGCGTTAGTTGCGCCGCGCACGTTTCGCAGGCAAATAGCGTAGAATGTCAGCAGGACAAAGGAAGGAGCAAAAGTTGATACCCGTAGAGCGTCGCCA
2,deaD,3308086,rev,AAGTACTACCTAAGTCTGGGGGATTTGGACAGCGCCACGGCACTGTTCAAACTGGCGGTTGCCAACAACGTTCATAACTTTGTTGAGCACCGATACGCATTGTTGGAATTATCGCTCCTGGGCCAGGACCAAGATGACCTGGCAGAATCGGACCAGCAAT
3,frlR,3504043,fwd,ATTCAGTACCACGGTGCCTGGTAGGTATAACGTTGGCGTGAGCATCTTCACGCCAACGTGCTGTTACTTGCCGGAAAACGACCCTATAATCCGAGTAATTCATTCTTTATTTCAGGGTCGATTATGTCAGCTACGGACCGCTACTCTCATCAACTCCTCT
4,slyA,1720870,rev,TAATAAATATTCTTTAAGTGCGAAAAATTTACGCGCAATTTCTGAAAAATATGTCTGACGGTAACCAAATGCAGCAATACATTTGTTTTAGCAATACAATTGCTGCACACTATTCTAAAAGCCGCATAATATCTTAGCAAGCTAATTATAAGGAGATGAA
5,wzxC,2120337,rev,TCAATGTGCTGACCGGGGGGATGTCGATTGTCGGTCCACGTCCGCACGCAGTAGCGCATAACGAACAGTATCGACAGCTCATTGAAGGCTACATGCTGCGCCATAAGGTGAAACCGGGCATTACCGGCTGGGCGCAGATTAACGGCTGGCGCGGCGAAAC
6,ycgB,1237285,rev,TATCCAGCATAAAATTCCGTTCAGAAGCGGATTAGTGGCACTCTGATAATAAGAAATCGCAAAGAAAAAAATTCTCCGGCGACGCGGTTTTTAACAGGTGTTCTATGCTTGAAATGAGGTGCTCCACACAGAGAGCGCCGACAACAATGAGGTGCGCGTA
7,ymgC,1215752,fwd,ATGATGCAATATGTTTTATCATAACACATTGTTTTATATGCATTAGCACTAATTGCAAAAAATTAATTTATCATTCTGTACACATATTTCGTACAAGTTTGCTATTGTTACTTCACTTAACATTGATTAACATTTTTAACAGAGGCGTAGCATGCATCAA
8,tff,0,fwd,
